mfo;edrpou;fullName;name
300001;00032106;Національний банк України;Національний банк України
322313;00032112;публічне акціонерне товариство "Державний експортно-імпортний банк України";АТ "Укрексімбанк"
300012;00039002;Публічне акціонерне товариство "Акціонерний комерційний промислово-інвестиційний банк";ПАТ "Промінвестбанк"
300023;00039019;ПУБЛІЧНЕ АКЦІОНЕРНЕ ТОВАРИСТВО "УКРСОЦБАНК";ПАТ "УКРСОЦБАНК"
300465;00032129;публічне акціонерне товариство "Державний ощадний банк України";АТ "Ощадбанк"
300056;14291780;ПУБЛІЧНЕ АКЦІОНЕРНЕ ТОВАРИСТВО "ЛЕГБАНК";ПАТ "ЛЕГБАНК"
300142;05839888;ПУБЛІЧНЕ АКЦІОНЕРНЕ ТОВАРИСТВО "УКРАЇНСЬКИЙ ІННОВАЦІЙНИЙ БАНК";ПАТ "УКРІНБАНК"
300175;14351016;ПУБЛІЧНЕ АКЦІОНЕРНЕ ТОВАРИСТВО "ФІДОБАНК";ПУАТ "ФІДОБАНК"
320735;22932856;Публічне акціонерне товариство "Інтеграл-банк";ПАТ "Інтеграл-банк"
300272;19357762;ПУБЛІЧНЕ АКЦІОНЕРНЕ ТОВАРИСТВО "ЕНЕРГОБАНК";ПАТ "ЕНЕРГОБАНК"
300216;14358604;ПУБЛІЧНЕ АКЦІОНЕРНЕ ТОВАРИСТВО КОМЕРЦІЙНИЙ БАНК "ІНТЕРБАНК";ПАТ КБ "ІНТЕРБАНК"
300335;14305909;Публічне акціонерне товариство "Райффайзен Банк Аваль";АТ "Райффайзен Банк Аваль"
300249;19357489;Публічне акціонерне товариство "БРОКБІЗНЕСБАНК";АТ "БРОКБІЗНЕСБАНК"
321767;14359319;ПУБЛІЧНЕ АКЦІОНЕРНЕ ТОВАРИСТВО "ВТБ БАНК";ПАТ "ВТБ БАНК"
320940;19358784;Публічне акціонерне товариство "АЛЬТБАНК";АТ "АЛЬТБАНК"
305299;14360570;ПУБЛІЧНЕ АКЦІОНЕРНЕ ТОВАРИСТВО КОМЕРЦІЙНИЙ БАНК "ПРИВАТБАНК";ПАТ КБ "ПРИВАТБАНК"
305062;19361982;ПУБЛІЧНЕ АКЦІОНЕРНЕ ТОВАРИСТВО "АКЦІОНЕРНИЙ КОМЕРЦІЙНИЙ БАНК "НОВИЙ";АКБ "НОВИЙ"
353100;19356610;Публічне акціонерне товариство "Полікомбанк";Полікомбанк
334594;09806437;ПУБЛІЧНЕ АКЦІОНЕРНЕ ТОВАРИСТВО "БАНК ПРОФЕСІЙНОГО ФІНАНСУВАННЯ";ПАТ "ПРОФІН БАНК"
334828;13486837;ПУБЛІЧНЕ АКЦІОНЕРНЕ ТОВАРИСТВО "АКЦІОНЕРНО-КОМЕРЦІЙНИЙ БАНК "КАПІТАЛ";ПАТ "АКБ "КАПІТАЛ"
321712;14349442;Публічне акціонерне товариство "РОДОВІД БАНК";АТ "РОДОВІД БАНК"
322294;09322299;ПУБЛІЧНЕ АКЦІОНЕРНЕ ТОВАРИСТВО "КОМЕРЦІЙНИЙ БАНК "ЕКСПОБАНК";АТ "КБ "ЕКСПОБАНК"
334840;20042839;ПУБЛІЧНЕ АКЦІОНЕРНЕ ТОВАРИСТВО "БАНК ФАМІЛЬНИЙ";ПАТ "БАНК ФАМІЛЬНИЙ"
380537;19017842;ПУБЛІЧНЕ АКЦІОНЕРНЕ ТОВАРИСТВО "ВСЕУКРАЇНСЬКИЙ АКЦІОНЕРНИЙ БАНК";ПАТ "ВіЕйБі Банк"
300788;19454139;ПУБЛІЧНЕ АКЦІОНЕРНЕ ТОВАРИСТВО "БАНК "ТАВРИКА";АТ "БАНК "ТАВРИКА"
325268;09801546;Публічне акціонерне товариство Акціонерно-комерційний банк "Львів";ПАТ АКБ "Львів"
325990;09306278;Публічне акціонерне товариство "ОКСІ БАНК";ПАТ "ОКСІ БАНК"
307770;14360080;ПУБЛІЧНЕ АКЦІОНЕРНЕ ТОВАРИСТВО "АКЦЕНТ - БАНК";ПАТ "А - БАНК"
325213;19358632;Публічне акціонерне товариство "ВіЕс Банк";ПАТ "ВіЕс Банк"
351663;14360386;ПУБЛІЧНЕ АКЦІОНЕРНЕ ТОВАРИСТВО БАНК "МЕРКУРІЙ";АТ БАНК "МЕРКУРІЙ"
328209;20953647;ПУБЛІЧНЕ АКЦІОНЕРНЕ ТОВАРИСТВО АКЦІОНЕРНИЙ БАНК "ПІВДЕННИЙ";Акціонерний банк "Південний"
328180;13881479;ПУБЛІЧНЕ АКЦІОНЕРНЕ ТОВАРИСТВО АКЦІОНЕРНИЙ БАНК "ПОРТО-ФРАНКО";АБ "ПОРТО-ФРАНКО"
328210;20935649;Публічне акціонерне товариство "Комерційний банк "Інвестбанк";ПАТ "КБ "Інвестбанк"
331489;09807595;Публічне акціонерне товариство "Полтава-банк";ПАТ "Полтава-банк"
334851;14282829;ПУБЛІЧНЕ АКЦІОНЕРНЕ ТОВАРИСТВО "ПЕРШИЙ УКРАЇНСЬКИЙ МІЖНАРОДНИЙ БАНК";ПАТ "ПУМБ"
328685;20041917;ПУБЛІЧНЕ АКЦІОНЕРНЕ ТОВАРИСТВО "ФІНБАНК";ПАТ "ФІНБАНК"
351607;14070197;ПУБЛІЧНЕ АКЦІОНЕРНЕ ТОВАРИСТВО "СХІДНО-УКРАЇНСЬКИЙ БАНК "ГРАНТ";ПАТ "БАНК "ГРАНТ"
351254;09620081;ПУБЛІЧНЕ АКЦІОНЕРНЕ ТОВАРИСТВО "СКАЙ БАНК";ПАТ "СКАЙ БАНК"
351005;09807750;ПУБЛІЧНЕ АКЦІОНЕРНЕ ТОВАРИСТВО "УКРСИББАНК";АТ "УкрСиббанк"
312248;19355562;ПУБЛІЧНЕ АКЦІОНЕРНЕ ТОВАРИСТВО "КОМЕРЦІЙНИЙ ІНВЕСТИЦІЙНИЙ БАНК";ПАТ "КОМІНВЕСТБАНК"
380838;14360920;Акціонерне товариство "ПРАВЕКС БАНК";АТ "ПРАВЕКС БАНК"
328599;14366762;ПУБЛІЧНЕ АКЦІОНЕРНЕ ТОВАРИСТВО "ФІНРОСТБАНК";АТ "ФІНРОСТБАНК"
322432;20026740;ПУБЛІЧНЕ АКЦІОНЕРНЕ ТОВАРИСТВО "БАНК НАРОДНИЙ КАПІТАЛ";АТ "НК БАНК"
322335;19361386;ПУБЛІЧНЕ АКЦІОНЕРНЕ ТОВАРИСТВО АКЦІОНЕРНИЙ КОМЕРЦІЙНИЙ БАНК "АРКАДА";ПАТ АКБ "АРКАДА"
331100;20046323;ПУБЛІЧНЕ АКЦІОНЕРНЕ ТОВАРИСТВО "АВТОКРАЗБАНК";ПАТ "АКБ Банк"
322465;19361746;Публічне акціонерне товариство Банк "Контракт";ПАТ Банк "Контракт"
313582;20496061;Публічне акціонерне товариство "МетаБанк";АТ "МетаБанк"
351931;20015529;ПУБЛІЧНЕ АКЦІОНЕРНЕ ТОВАРИСТВО "БАНК ЗОЛОТІ ВОРОТА";АТ "БАНК ЗОЛОТІ ВОРОТА"
322625;21536532;ПУБЛІЧНЕ АКЦІОНЕРНЕ ТОВАРИСТВО "АКЦІОНЕРНИЙ БАНК "УКООПСПІЛКА";АБ "УКООПСПІЛКА"
380764;20025456;ПУБЛІЧНЕ АКЦІОНЕРНЕ ТОВАРИСТВО "КОМЕРЦІЙНИЙ БАНК "НАДРА";ПАТ "КБ "НАДРА"
300379;19357443;Філія "КІБ" Публічного акціонерного товариства "КРЕДІ АГРІКОЛЬ БАНК";Філія "КІБ" ПАТ "КРЕДІ АГРІКОЛЬ БАНК"
380292;19364584;ПУБЛІЧНЕ АКЦІОНЕРНЕ ТОВАРИСТВО "КСГ БАНК";ПАТ "КСГ БАНК"
305880;20280450;ПУБЛІЧНЕ АКЦІОНЕРНЕ ТОВАРИСТВО "КОМЕРЦІЙНИЙ БАНК "ЗЕМЕЛЬНИЙ КАПІТАЛ";ПАТ "КБ "ЗЕМЕЛЬНИЙ КАПІТАЛ"
328384;20971504;ПУБЛІЧНЕ АКЦІОНЕРНЕ ТОВАРИСТВО "ІМЕКСБАНК";АТ "ІМЕКСБАНК"
304706;23478833;ПУБЛІЧНЕ АКЦІОНЕРНЕ ТОВАРИСТВО "СХІДНО-ПРОМИСЛОВИЙ КОМЕРЦІЙНИЙ БАНК";АТ "СП БАНК"
320702;20057663;ПУБЛІЧНЕ АКЦІОНЕРНЕ ТОВАРИСТВО "БАНК НАЦІОНАЛЬНИЙ КРЕДИТ";ПАТ "БАНК НАЦІОНАЛЬНИЙ КРЕДИТ"
320843;24262992;ПУБЛІЧНЕ АКЦІОНЕРНЕ ТОВАРИСТВО "УКРГАЗПРОМБАНК";ПАТ "УКРГАЗПРОМБАНК"
380601;24425738;ПУБЛІЧНЕ АКЦІОНЕРНЕ ТОВАРИСТВО "ТЕРРА БАНК";ПАТ "ТЕРРА БАНК"
300647;21665382;Публічне акціонерне товариство "Банк "КЛІРИНГОВИЙ ДІМ";АБ "КЛІРИНГОВИЙ ДІМ"
300506;26410155;ПУБЛІЧНЕ АКЦІОНЕРНЕ ТОВАРИСТВО "ПЕРШИЙ ІНВЕСТИЦІЙНИЙ БАНК";ПАТ "ПЕРШИЙ ІНВЕСТИЦІЙНИЙ БАНК"
300539;21684818;Публічне акціонерне товариство "ІНГ Банк Україна";ПАT "ІНГ Банк Україна"
300528;21685166;ПУБЛІЧНЕ АКЦІОНЕРНЕ ТОВАРИСТВО "ОТП БАНК";АТ "ОТП БАНК"
300584;21685485;ПУБЛІЧНЕ АКЦІОНЕРНЕ ТОВАРИСТВО "СІТІБАНК";ПАТ "СІТІБАНК"
320984;21677333;ПУБЛІЧНЕ АКЦІОНЕРНЕ ТОВАРИСТВО "ПРОКРЕДИТ БАНК";АТ "ПРОКРЕДИТ БАНК"
320627;25959784;ПУБЛІЧНЕ АКЦІОНЕРНЕ ТОВАРИСТВО "СБЕРБАНК";ПАТ "СБЕРБАНК"
300669;26051650;Публічне акціонерне товариство "ПРАЙМ - БАНК";ПАТ "ПРАЙМ - БАНК"
300852;26253000;ПУБЛІЧНЕ АКЦІОНЕРНЕ ТОВАРИСТВО "КОМЕРЦІЙНИЙ БАНК "АКТИВ-БАНК";ПАТ "КБ "АКТИВ - БАНК"
300885;26253023;Публічне акціонерне товариство "АРТЕМ-БАНК";АТ "АРТЕМ-БАНК"
300904;26254732;ПУБЛІЧНЕ АКЦІОНЕРНЕ ТОВАРИСТВО "ФОРТУНА-БАНК";АТ "ФОРТУНА-БАНК"
307123;26237202;ПУБЛІЧНЕ АКЦІОНЕРНЕ ТОВАРИСТВО "БАНК ВОСТОК";ПАТ "БАНК ВОСТОК"
335902;26287625;ПУБЛІЧНЕ АКЦІОНЕРНЕ ТОВАРИСТВО "УНІКОМБАНК";ПАТ "УНІКОМБАНК"
820172;37567646;Державна казначейська служба України, м.Київ;Державна казначейська служба України, м.Київ
300926;14285934;Приватне акціонерне товариство "Українська фінансова група";ПрАТ "УФГ"
300164;19356840;ПУБЛІЧНЕ АКЦІОНЕРНЕ ТОВАРИСТВО "ОМЕГА БАНК";ПАТ "ОМЕГА БАНК"
300131;09807856;ПУБЛІЧНЕ АКЦІОНЕРНЕ ТОВАРИСТВО "БАНК "ФІНАНСИ ТА КРЕДИТ";АТ "БАНК "ФІНАНСИ ТА КРЕДИТ"
300119;14360506;ПУБЛІЧНЕ АКЦІОНЕРНЕ ТОВАРИСТВО "БАНК АЛЬЯНС";ПАТ "БАНК АЛЬЯНС"
300205;19019775;ПУБЛІЧНЕ АКЦІОНЕРНЕ ТОВАРИСТВО "УКРАЇНСЬКИЙ ПРОФЕСІЙНИЙ БАНК";ПАТ "УПБ"
335946;19358767;ПУБЛІЧНЕ АКЦІОНЕРНЕ ТОВАРИСТВО "КОМЕРЦІЙНИЙ БАНК "ПІВДЕНКОМБАНК";ПАТ "КБ "ПІВДЕНКОМБАНК"
305987;20305925;ПУБЛІЧНЕ АКЦІОНЕРНЕ ТОВАРИСТВО "ЮНІОН СТАНДАРД БАНК";ПАТ "ЮСБ БАНК"
334992;20058668;ПУБЛІЧНЕ АКЦІОНЕРНЕ ТОВАРИСТВО "КОМЕРЦІЙНИЙ БАНК "ПРОМЕКОНОМБАНК";ПАТ "КБ "ПРОМЕКОНОМБАНК"
339500;09806443;ПУБЛІЧНЕ АКЦІОНЕРНЕ ТОВАРИСТВО "ТАСКОМБАНК";АТ "ТАСКОМБАНК"
321477;19024948;ПУБЛІЧНЕ АКЦІОНЕРНЕ ТОВАРИСТВО "СТАРОКИЇВСЬКИЙ БАНК";ПАТ "СТАРОКИЇВСЬКИЙ БАНК"
325365;09807862;Публічне Акціонерне Товариство "КРЕДОБАНК";ПАТ "КРЕДОБАНК"
313849;13857564;ПУБЛІЧНЕ АКЦІОНЕРНЕ ТОВАРИСТВО АКЦІОНЕРНИЙ  КОМЕРЦІЙНИЙ БАНК "ІНДУСТРІАЛБАНК";АКБ "ІНДУСТРІАЛБАНК"
328168;21650966;ПУБЛІЧНЕ АКЦІОНЕРНЕ ТОВАРИСТВО "МТБ БАНК";ПАТ "МТБ БАНК"
351588;14360721;ПУБЛІЧНЕ АКЦІОНЕРНЕ ТОВАРИСТВО "РЕАЛ БАНК";ПАТ "РЕАЛ БАНК"
351629;09804119;ПУБЛІЧНЕ АКЦІОНЕРНЕ ТОВАРИСТВО "МЕГАБАНК";ПАТ "МЕГАБАНК"
322324;13550848;ПУБЛІЧНЕ АКЦІОНЕРНЕ ТОВАРИСТВО "ГРІН БАНК";ПАТ "ГРІН БАНК"
321723;14359845;ПУБЛІЧНЕ АКЦІОНЕРНЕ ТОВАРИСТВО "БТА БАНК";ПАТ "БТА БАНК"
353489;09809192;ПУБЛІЧНЕ АКЦІОНЕРНЕ ТОВАРИСТВО "АСВІО БАНК";ПАТ "АСВІО БАНК"
353575;19357516;Публічне акціонерне товариство "Банк "Демарк";Банк "Демарк"
336310;19390819;Публічне акціонерне товариство "Ідея Банк";ПАТ "Ідея Банк"
320371;22868414;ПУБЛІЧНЕ АКЦІОНЕРНЕ ТОВАРИСТВО "БАНК "УКРАЇНСЬКИЙ КАПІТАЛ";ПАТ "БАНК "УКРАЇНСЬКИЙ КАПІТАЛ"
300896;19193869;ПУБЛІЧНЕ АКЦІОНЕРНЕ ТОВАРИСТВО "ФІНАНС БАНК";ПАТ "ФІНАНС БАНК"
300614;14361575;ПУБЛІЧНЕ АКЦІОНЕРНЕ ТОВАРИСТВО "КРЕДІ АГРІКОЛЬ БАНК";ПАТ "КРЕДІ АГРІКОЛЬ БАНК"
334969;19388768;ПУБЛІЧНЕ АКЦІОНЕРНЕ ТОВАРИСТВО "УКРАЇНСЬКИЙ БІЗНЕС БАНК";ПАТ "УКРБІЗНЕСБАНК"
304988;24191588;ПУБЛІЧНЕ АКЦІОНЕРНЕ ТОВАРИСТВО "УКРАЇНСЬКИЙ КОМУНАЛЬНИЙ БАНК";ПАТ "УКРКОМУНБАНК"
300670;19364259;ПУБЛІЧНЕ АКЦІОНЕРНЕ ТОВАРИСТВО "КОМЕРЦІЙНИЙ БАНК "ХРЕЩАТИК";ПАТ "КБ "ХРЕЩАТИК"
322498;14371869;Публічне акціонерне товариство "Акціонерний комерційний банк "КИЇВ";ПАТ "АКБ "КИЇВ"
328760;20966466;Публічне акціонерне товариство "Місто Банк";АТ "Місто Банк"
397133;20028816;ПУБЛІЧНЕ АКЦІОНЕРНЕ ТОВАРИСТВО АКЦІОНЕРНИЙ БАНК "СТОЛИЧНИЙ";ПАТ АБ "СТОЛИЧНИЙ"
300498;20017340;ПУБЛІЧНЕ АКЦІОНЕРНЕ ТОВАРИСТВО "БАНК "НАЦІОНАЛЬНІ ІНВЕСТИЦІЇ";АТ "БАНК "НАЦІОНАЛЬНІ ІНВЕСТИЦІЇ"
320995;20717958;ПУБЛІЧНЕ АКЦІОНЕРНЕ ТОВАРИСТВО "БГ БАНК";ПАТ "БГ БАНК"
322539;20023569;ПУБЛІЧНЕ АКЦІОНЕРНЕ ТОВАРИСТВО "ЮНЕКС БАНК";ПАТ "ЮНЕКС БАНК"
320854;23362711;ПУБЛІЧНЕ АКЦІОНЕРНЕ ТОВАРИСТВО "ДІАМАНТБАНК";ПАТ "ДІАМАНТБАНК"
322540;21580639;Публічне акціонерне товариство "Комерційний Індустріальний Банк";АТ "КІБ"
322302;21570492;Публічне акціонерне товариство "Айбокс Банк";ПАТ "Айбокс Банк"
322001;21133352;ПУБЛІЧНЕ АКЦІОНЕРНЕ ТОВАРИСТВО "УНІВЕРСАЛ БАНК";ПАТ "УНІВЕРСАЛ БАНК"
322948;21574573;ПУБЛІЧНЕ АКЦІОНЕРНЕ ТОВАРИСТВО "БАНК ФОРУМ";ПАТ "БАНК ФОРУМ"
300658;20034231;ПУБЛІЧНЕ АКЦІОНЕРНЕ ТОВАРИСТВО "ПІРЕУС БАНК МКБ";АТ "ПІРЕУС БАНК МКБ"
322799;21593719;ПУБЛІЧНЕ АКЦІОНЕРНЕ ТОВАРИСТВО "БАНК ВЕЛЕС";АТ "БАНК ВЕЛЕС"
322830;20050951;ПУБЛІЧНЕ АКЦІОНЕРНЕ ТОВАРИСТВО КОМЕРЦІЙНИЙ БАНК "ТК КРЕДИТ";АТ КБ "ТК КРЕДИТ"
305749;14352406;ПУБЛІЧНЕ АКЦІОНЕРНЕ ТОВАРИСТВО "БАНК КРЕДИТ ДНІПРО";ПАТ "БАНК КРЕДИТ ДНІПРО"
300346;23494714;ПУБЛІЧНЕ АКЦІОНЕРНЕ ТОВАРИСТВО "АЛЬФА-БАНК";ПАТ "АЛЬФА-БАНК"
303484;19233095;Публічне акціонерне товариство "Західінкомбанк";ПАТ "Західінкомбанк"
320478;23697280;ПУБЛІЧНЕ АКЦІОНЕРНЕ ТОВАРИСТВО АКЦІОНЕРНИЙ БАНК "УКРГАЗБАНК";АБ "УКРГАЗБАНК"
306704;23926846;ПУБЛІЧНЕ АКЦІОНЕРНЕ ТОВАРИСТВО "КЛАСИКБАНК";ПАТ "КЛАСИКБАНК"
319092;24214088;ПУБЛІЧНЕ АКЦІОНЕРНЕ ТОВАРИСТВО "БАНК "КИЇВСЬКА РУСЬ";ПАТ "БАНК "КИЇВСЬКА РУСЬ"
300120;22906155;ПУБЛІЧНЕ АКЦІОНЕРНЕ ТОВАРИСТВО "БАНК ПЕТРОКОММЕРЦ-УКРАЇНА";ПАТ "БАНК ПЕТРОКОММЕРЦ-УКРАЇНА"
306500;21322127;ПУБЛІЧНЕ АКЦІОНЕРНЕ ТОВАРИСТВО "АКЦІОНЕРНИЙ БАНК "РАДАБАНК";ПАТ "АБ "РАДАБАНК"
300863;21666051;публічне акціонерне товариство "Кредитпромбанк";ПАТ "Кредитпромбанк"
300302;20077447;Центральне сховище;Центральне сховище
303020;09303021;Управління Національного банку України у Волинській області;Управління НБУ у Волинській області
305006;09305008;Управління Національного банку України в Дніпропетровській області;Управління НБУ в Дніпропетровській області
313377;09313373;Управління Національного банку України в Запорізькій області;Управління НБУ в Запорізькій області
315438;09315432;Управління Національного банку України  у Хмельницькій області;Управління НБУ у Хмельницькій області
321024;09321020;Головне управління Hаціонального банку України по місту Київу і Київській області;Головне управління НБУ по місту Київу і Київській області
325622;09325620;Управління Національного банку України у Львівській області;Управління НБУ у Львівській області
328027;09328021;Управління Національного банку України в Одеській області;Управління НБУ в Одеській області
351447;09351445;Управління Національного банку України в Харківській області;Управління НБУ в Харківській області
352297;09352290;Управління Національного банку України в Херсонській області;Управління НБУ в Херсонській області
356185;09356187;Управління Національного банку України в Чернівецькій області;Управління НБУ в Чернівецькій області
399012;21667056;Державна скарбниця України;Державна скарбниця України
399045;21575489;Банкнотно-монетний двір;Банкнотно-монетний двір
399056;22058017;Фабрика банкнотного паперу;Фабрика банкнотного паперу
399119;;Центральний апарат НБУ;Центральний апарат НБУ
302429;24896705;Філія публічного акціонерного товариства "Державний експортно-імпортний банк України" в м.Вінниці;Філія АТ "Укрексімбанк" у м.Вінниці"
303547;26196437;Філія публічного акціонерного товариства "Державний експортно-імпортний банк України" в м.Луцьку;Філія АТ "Укрексімбанк" у м.Луцьку"
305589;19362131;Філія публічного акціонерного товариства "Державний експортно-імпортний банк України" в м.Кривому Розі;Філія АТ "Укрексімбанк" у м. Кривому Розі"
305675;19358796;Філія публічного акціонерного товариства "Державний експортно-імпортний банк України" в м.Дніпрі;Філія АТ "Укрексімбанк" у м.Дніпрі"
311324;20401758;Філія публічного акціонерного товариства "Державний експортно-імпортний банк України" в м.Житомирі;Філія АТ "Укрексімбанк" у м.Житомирі"
312226;09805194;Філія публічного акціонерного товариства "Державний експортно-імпортний банк України" в м.Ужгороді;Філія АТ "Укрексімбанк" у м.Ужгороді"
313979;24905013;Філія публічного акціонерного товариства "Державний експортно-імпортний банк України" в м. Запоріжжі;Філія АТ "Укрексімбанк" у м. Запоріжжі"
315609;23563450;Філія публічного акціонерного товариства "Державний експортно-імпортний банк України" в м.Хмельницькому;Філія АТ "Укрексімбанк" у м.Хмельницькому"
323389;20630973;Філія публічного акціонерного товариства "Державний експортно-імпортний банк України" в м. Кропивницькому;Філія АТ "Укрексімбанк" у м. Кропивницькому"
325718;09805171;Філія публічного акціонерного товариства "Державний експортно-імпортний банк України" в м.Львові;Філія АТ "Укрексімбанк" у м.Львові"
326739;19362154;Філія публічного акціонерного товариства "Державний експортно-імпортний банк України" в м.Миколаїві;Філія АТ "Укрексімбанк" у м. Миколаїві"
328618;09805053;Філія публічного акціонерного товариства  "Державний експортно-імпортний банк України" в м. Одесі;Філія АТ "Укрексімбанк" у м. Одесі"
331649;21063524;Філія публічного акціонерного товариства "Державний експортно-імпортний банк України" в м.Полтаві;Філія АТ "Укрексімбанк" у м.Полтаві"
333539;23307646;Філія публічного акціонерного товариства "Державний експортно-імпортний банк України" в м.Рівному;Філія АТ "Укрексімбанк" у м.Рівному"
335957;26252228;Філія публічного акціонерного товариства "Державний експортно-імпортний банк України" в м.Маріуполі;Філія АТ "Укрексімбанк" у м.Маріуполі"
336688;20569558;Філія публічного акціонерного товариства "Державний експортно-імпортний банк України" в м.Івано-Франківську;Філія АТ "Укрексімбанк" у м.Івано-Франківську"
338879;22607369;Філія публічного акціонерного товариства "Державний експортно-імпортний банк України" в м.Тернополі;Філія АТ "Укрексімбанк" у м.Тернополі"
351618;19362160;Філія публічного акціонерного товариства "Державний експортно-імпортний  банк України" в м.Харкові;Філія АТ "Укрексімбанк" у м. Харкові"
352639;21296105;Філія публічного акціонерного товариства "Державний експортно-імпортний банк України" в м. Херсоні;Філія АТ "Укрексімбанк" у м.Херсоні"
353649;25571287;Філія публічного акціонерного товариства "Державний експортно-імпортний банк України" в м.Чернігові;Філія АТ "Укрексімбанк" у м.Чернігові"
354789;22808607;Філія публічного акціонерного товариства "Державний експортно-імпортний банк України" в м.Черкасах;Філія АТ "Укрексімбанк" у м.Черкасах"
356271;21420657;Філія публічного акціонерного товариства "Державний експортно-імпортний банк України" в м.Чернівцях;Філія АТ "Укрексімбанк" у м.Чернівцях"
380333;26296587;Філія публічного акціонерного товариства "Державний експортно-імпортний банк України" в м. Київі;Філія АТ "Укрексімбанк" у м. Київі"
302076;09302607;Філія - Вінницьке обласне управління публічного акціонерного товариства "Державний ощадний банк України";Філія - Вінницьке обласне управління АТ "Ощадбанк"
303398;09303328;Філія - Волинське обласне управління публічного акціонерного товариства "Державний ощадний банк України";Філія - Волинське обласне управління АТ "Ощадбанк"
304665;09304612;Філія - Луганське обласне управління публічного акціонерного товариства "Державний ощадний банк України";Філія - Луганське обласне управління АТ "Ощадбанк"
305482;09305480;Філія - Дніпропетровське обласне управління публічного акціонерного товариства "Державний ощадний банк України";Філія - Дніпропетровське обласне управління АТ "Ощадбанк"
311647;09311380;Філія - Житомирське обласне управління публічного акціонерного товариства "Державний ощадний банк України";Філія - Житомирське обласне управління АТ "Ощадбанк"
312356;09312190;Філія - Закарпатське обласне управління публічного акціонерного товариства "Державний ощадний банк України";Філія - Закарпатське обласне управління АТ "Ощадбанк"
313957;02760363;Філія - Запорізьке обласне управління публічного акціонерного товариства "Державний ощадний банк України";Філія - Запорізьке обласне управління АТ "Ощадбанк"
315784;09315357;Філія - Хмельницьке обласне управління публічного акціонерного товариства "Державний ощадний банк України";Філія - Хмельницьке обласне управління АТ "Ощадбанк"
323475;09323408;Філія - Кіровоградське обласне управління публічного акціонерного товариства "Державний ощадний банк України";Філія - Кіровоградське обласне управління АТ "Ощадбанк"
324805;09324508;Фiлiя - Кримське  республiканське управлiння публічного акцiонерного товариства "Державний ощадний банк України";Фiлiя - Кримське  республiканське управлiння АТ "Ощадбанк"
325796;09325703;Філія - Львівське обласне управління публічного акціонерного товариства "Державний ощадний банк України";Філія - Львівське обласне управління АТ "Ощадбанк"
326461;09326464;Філія - Миколаївське обласне управління публічного акціонерного товариства "Державний ощадний банк України";Філія - Миколаївське обласне управління АТ "Ощадбанк"
328845;09328601;Філія - Одеське обласне управління публічного акціонерного товариства "Державний ощадний банк України";Філія - Одеське обласне управління АТ "Ощадбанк"
331467;09331508;Філія - Полтавське обласне управління публічного акціонерного товариства "Державний ощадний банк України";Філія - Полтавське обласне управління АТ "Ощадбанк"
333368;09333401;Філія - Рівненське обласне управління публічного акціонерного товариства "Державний ощадний банк України";Філія - Рівненське обласне управління АТ "Ощадбанк"
335106;09334702;Філія - Донецьке обласне управління публічного акціонерного товариства "Державний ощадний банк України";Філія - Донецьке обласне управління АТ "Ощадбанк"
336503;09336500;Філія - Івано-Франківське обласне управління публічного акціонерного  товариства "Державний ощадний банк "України";Філія - Івано-Франківське обласне управління АТ "Ощадбанк"
337568;09337356;Філія - Сумське обласне управління публічного акціонерного товариства "Державний ощадний банк України";Філія - Сумське обласне управління АТ "Ощадбанк"
338545;09338500;Філія - Тернопільське обласне управління публічного акціонерного товариства "Державний ощадний банк України";Філія - Тернопільське обласне управління АТ "Ощадбанк"
351823;09351600;Філія - Харківське обласне управління публічного акціонерного товариства "Державний ощадний банк України";Філія - Харківське обласне управління АТ "Ощадбанк"
352457;02766367;Філія - Херсонське обласне управління публічного акціонерного товариства "Державний ощадний банк України";Філія - Херсонське обласне управління АТ "Ощадбанк"
353553;09353504;Філія - Чернігівське обласне управління публічного акціонерного товариства "Державний ощадний банк України";Філія - Чернігівське обласне управління АТ "Ощадбанк"
354507;02767059;Філія - Черкаське обласне управління публічного акціонерного товариства "Державний ощадний банк України";Філія - Черкаське обласне управління АТ "Ощадбанк"
356334;09356307;Філія - Чернівецьке обласне управління публічного акціонерного товариства "Державний ощадний банк України";Філія - Чернівецьке обласне управління АТ "Ощадбанк"
305653;19358201;Дніпропетровська обласна дирекція Публічного акціонерного товариства "Райффайзен Банк Аваль";Дніпропетровська обласна дирекція АТ "Райффайзен Банк Аваль"
325570;20846070;Львівська обласна дирекція Публічного акціонерного товариства "Райффайзен Банк Аваль";Львівська обласна дирекція АТ "Райффайзен Банк Аваль"
328351;23876031;Одеська обласна дирекція Публічного акціонерного товариства "Райффайзен Банк Аваль";Одеська обласна дирекція АТ "Райффайзен Банк Аваль"
350589;23321095;Харківська обласна дирекція Публічного акціонерного товариства "Райффайзен Банк Аваль";Харківська обласна дирекція АТ "Райффайзен Банк Аваль"
380805;14305909;Публічне акціонерне товариство "Райффайзен Банк Аваль";АТ "Райффайзен Банк Аваль"
300711;14360570;ПЕЧЕРСЬКА ФІЛІЯ ПУБЛІЧНОГО АКЦІОНЕРНОГО ТОВАРИСТВА КОМЕРЦІЙНОГО БАНКУ "ПРИВАТБАНК";ПЕЧЕРСЬКА ФІЛІЯ ПАТ КБ "ПРИВАТБАНК"
302689;14360570;ВІННИЦЬКА ФІЛІЯ ПУБЛІЧНОГО АКЦІОНЕРНОГО ТОВАРИСТВА КОМЕРЦІЙНОГО БАНКУ "ПРИВАТБАНК";ВІННИЦЬКА ФІЛІЯ ПАТ КБ "ПРИВАТБАНК"
304795;14360570;ЛУГАНСЬКА ФІЛІЯ ПУБЛІЧНОГО АКЦІОНЕРНОГО ТОВАРИСТВА КОМЕРЦІЙНОГО БАНКУ "ПРИВАТБАНК";ЛУГАНСЬКА ФІЛІЯ ПАТ КБ "ПРИВАТБАНК"
305750;14360570;КРИВОРІЗЬКА ФІЛІЯ ПУБЛІЧНОГО АКЦІОНЕРНОГО ТОВАРИСТВА КОМЕРЦІЙНОГО БАНКУ "ПРИВАТБАНК";КРИВОРІЗЬКА ФІЛІЯ ПАТ КБ "ПРИВАТБАНК"
311744;14360570;ФІЛІЯ "ЖИТОМИРСЬКЕ РЕГІОНАЛЬНЕ УПРАВЛІННЯ" ПУБЛІЧНОГО АКЦІОНЕРНОГО ТОВАРИСТВА КОМЕРЦІЙНОГО БАНКУ "ПРИВАТБАНК";ЖИТОМИРСЬКЕ РУ ПАТ КБ "ПРИВАТБАНК"
312378;14360570;ФІЛІЯ "ЗАКАРПАТСЬКЕ РЕГІОНАЛЬНЕ УПРАВЛІННЯ" ПУБЛІЧНОГО АКЦІОНЕРНОГО ТОВАРИСТВА КОМЕРЦІЙНОГО БАНКУ "ПРИВАТБАНК";ЗАКАРПАТСЬКЕ РУ ПАТ КБ "ПРИВАТБАНК"
313399;14360570;ФІЛІЯ "ЗАПОРІЗЬКЕ РЕГІОНАЛЬНЕ УПРАВЛІННЯ" ПУБЛІЧНОГО АКЦІОНЕРНОГО ТОВАРИСТВА КОМЕРЦІЙНОГО БАНКУ "ПРИВАТБАНК";ЗАПОРІЗЬКЕ РУ ПАТ КБ "ПРИВАТБАНК"
315405;14360570;ХМЕЛЬНИЦЬКА ФІЛІЯ ПУБЛІЧНОГО АКЦІОНЕРНОГО ТОВАРИСТВА КОМЕРЦІЙНОГО БАНКУ "ПРИВАТБАНК";ХМЕЛЬНИЦЬКА ФІЛІЯ ПАТ КБ "ПРИВАТБАНК"
320649;14360570;ФІЛІЯ "РОЗРАХУНКОВИЙ ЦЕНТР" ПУБЛІЧНОГО АКЦІОНЕРНОГО ТОВАРИСТВА КОМЕРЦІЙНОГО БАНКУ "ПРИВАТБАНК";ФІЛІЯ "РОЗРАХУНКОВИЙ ЦЕНТР" ПАТ КБ "ПРИВАТБАНК"
321842;14360570;ФІЛІЯ "КИЇВСЬКЕ ГОЛОВНЕ РЕГІОНАЛЬНЕ УПРАВЛІННЯ" ПУБЛІЧНОГО АКЦІОНЕРНОГО ТОВАРИСТВА КОМЕРЦІЙНОГО БАНКУ "ПРИВАТБАНК";КИЇВСЬКЕ ГРУ ПАТ КБ "ПРИВАТБАНК"
323583;24144778;ФІЛІЯ "КІРОВОГРАДСЬКЕ РЕГІОНАЛЬНЕ УПРАВЛІННЯ" ПУБЛІЧНОГО АКЦІОНЕРНОГО ТОВАРИСТВА КОМЕРЦІЙНОГО БАНКУ "ПРИВАТБАНК";КІРОВОГРАДСЬКЕ РУ ПАТ КБ "ПРИВАТБАНК"
324935;14360570;СЕВАСТОПОЛЬСЬКА ФІЛІЯ ПУБЛІЧНОГО АКЦІОНЕРНОГО ТОВАРИСТВА КОМЕРЦІЙНОГО БАНКУ "ПРИВАТБАНК";СЕВАСТОПОЛЬСЬКА ФІЛІЯ ПАТ КБ "ПРИВАТБАНК"
325321;14360570;ФІЛІЯ "ЗАХІДНЕ ГОЛОВНЕ РЕГІОНАЛЬНЕ УПРАВЛІННЯ" ПУБЛІЧНОГО АКЦІОНЕРНОГО ТОВАРИСТВА КОМЕРЦІЙНОГО БАНКУ "ПРИВАТБАНК";ЗАХІДНЕ ГРУ ПАТ КБ "ПРИВАТБАНК"
326610;14360570;ФІЛІЯ "МИКОЛАЇВСЬКЕ РЕГІОНАЛЬНЕ УПРАВЛІННЯ" ПУБЛІЧНОГО АКЦІОНЕРНОГО ТОВАРИСТВА КОМЕРЦІЙНОГО БАНКУ "ПРИВАТБАНК";МИКОЛАЇВСЬКЕ РУ ПАТ КБ "ПРИВАТБАНК"
331401;14360570;ФІЛІЯ "ПОЛТАВСЬКЕ ГОЛОВНЕ РЕГІОНАЛЬНЕ УПРАВЛІННЯ" ПУБЛІЧНОГО АКЦІОНЕРНОГО ТОВАРИСТВА КОМЕРЦІЙНОГО БАНКУ "ПРИВАТБАНК";ПОЛТАВСЬКЕ ГРУ ПАТ КБ "ПРИВАТБАНК"
333391;14360570;РІВНЕНСЬКА ФІЛІЯ ПУБЛІЧНОГО АКЦІОНЕРНОГО ТОВАРИСТВА КОМЕРЦІЙНОГО БАНКУ "ПРИВАТБАНК";РІВНЕНСЬКА ФІЛІЯ ПАТ КБ "ПРИВАТБАНК"
335429;14360570;МАРІУПОЛЬСЬКА ФІЛІЯ ПУБЛІЧНОГО АКЦІОНЕРНОГО ТОВАРИСТВА КОМЕРЦІЙНОГО БАНКУ "ПРИВАТБАНК";МАРІУПОЛЬСЬКА ФІЛІЯ ПАТ КБ "ПРИВАТБАНК"
335496;14360570;ФІЛІЯ "ДОНЕЦЬКЕ РЕГІОНАЛЬНЕ УПРАВЛІННЯ" ПУБЛІЧНОГО АКЦІОНЕРНОГО ТОВАРИСТВА КОМЕРЦІЙНОГО БАНКУ "ПРИВАТБАНК";ДОНЕЦЬКЕ РУ ПАТ КБ "ПРИВАТБАНК"
335548;14360570;КРАМАТОРСЬКА ФІЛІЯ ПУБЛІЧНОГО АКЦІОНЕРНОГО ТОВАРИСТВА КОМЕРЦІЙНОГО БАНКУ "ПРИВАТБАНК";КРАМАТОРСЬКА ФІЛІЯ ПАТ КБ "ПРИВАТБАНК"
336677;14360570;ІВАНО-ФРАНКІВСЬКА ФІЛІЯ ПУБЛІЧНОГО АКЦІОНЕРНОГО ТОВАРИСТВА КОМЕРЦІЙНОГО БАНКУ  "ПРИВАТБАНК";ІВАНО-ФРАНКІВСЬКА ФІЛІЯ ПАТ КБ "ПРИВАТБАНК"
337546;14360570;СУМСЬКА ФІЛІЯ ПУБЛІЧНОГО АКЦІОНЕРНОГО ТОВАРИСТВА КОМЕРЦІЙНОГО БАНКУ "ПРИВАТБАНК";СУМСЬКА ФІЛІЯ ПАТ КБ "ПРИВАТБАНК"
338783;14360570;ТЕРНОПІЛЬСЬКА ФІЛІЯ ПУБЛІЧНОГО АКЦІОНЕРНОГО ТОВАРИСТВА КОМЕРЦІЙНОГО БАНКУ "ПРИВАТБАНК";ТЕРНОПІЛЬСЬКА ФІЛІЯ ПАТ КБ "ПРИВАТБАНК"
352479;14360570;ХЕРСОНСЬКА ФІЛІЯ ПУБЛІЧНОГО АКЦІОНЕРНОГО ТОВАРИСТВА КОМЕРЦІЙНОГО БАНКУ "ПРИВАТБАНК";ХЕРСОНСЬКА ФІЛІЯ ПАТ КБ "ПРИВАТБАНК"
353586;14360570;ФІЛІЯ "ЧЕРНІГІВСЬКЕ РЕГІОНАЛЬНЕ УПРАВЛІННЯ" ПУБЛІЧНОГО АКЦІОНЕРНОГО ТОВАРИСТВА КОМЕРЦІЙНОГО БАНКУ "ПРИВАТБАНК";ЧЕРНІГІВСЬКЕ РУ ПАТ КБ "ПРИВАТБАНК"
354347;14360570;ФІЛІЯ "ЧЕРКАСЬКЕ ГОЛОВНЕ РЕГІОНАЛЬНЕ УПРАВЛІННЯ" ПУБЛІЧНОГО АКЦІОНЕРНОГО ТОВАРИСТВА КОМЕРЦІЙНОГО БАНКУ "ПРИВАТБАНК";ЧЕРКАСЬКЕ ГРУ ПАТ КБ "ПРИВАТБАНК"
356282;14360570;ЧЕРНІВЕЦЬКА ФІЛІЯ ПУБЛІЧНОГО АКЦІОНЕРНОГО ТОВАРИСТВА КОМЕРЦІЙНОГО БАНКУ "ПРИВАТБАНК";ЧЕРНІВЕЦЬКА ФІЛІЯ ПАТ КБ "ПРИВАТБАНК"
380593;26410346;Київська філія ПУБЛІЧНОГО АКЦІОНЕРНОГО ТОВАРИСТВА "МІСТО БАНК";Київська філія АТ "МІСТО БАНК"
802015;37979858;ГОЛОВНЕ УПРАВЛІННЯ ДЕРЖАВНОЇ КАЗНАЧЕЙСЬКОЇ СЛУЖБИ УКРАЇНИ У ВІННИЦЬКІЙ ОБЛАСТІ;ГУ ДКСУ У ВІННИЦЬКІЙ ОБЛАСТІ
803014;38009371;ГОЛОВНЕ УПРАВЛІННЯ ДЕРЖАВНОЇ КАЗНАЧЕЙСЬКОЇ СЛУЖБИ УКРАЇНИ У ВОЛИНСЬКІЙ ОБЛАСТІ;ГУ ДКСУ У ВОЛИНСЬКІЙ ОБЛАСТІ
804013;37991110;ГОЛОВНЕ УПРАВЛІННЯ ДЕРЖАВНОЇ КАЗНАЧЕЙСЬКОЇ СЛУЖБИ УКРАЇНИ У ЛУГАНСЬКІЙ ОБЛАСТІ;ГУ ДКСУ У ЛУГАНСЬКІЙ ОБЛАСТІ
811039;37976485;ГОЛОВНЕ УПРАВЛІННЯ ДЕРЖАВНОЇ КАЗНАЧЕЙСЬКОЇ СЛУЖБИ УКРАЇНИ У ЖИТОМИРСЬКІЙ ОБЛАСТІ;ГУ ДКСУ У ЖИТОМИРСЬКІЙ ОБЛАСТІ
812016;37975895;ГОЛОВНЕ УПРАВЛІННЯ ДЕРЖАВНОЇ КАЗНАЧЕЙСЬКОЇ СЛУЖБИ УКРАЇНИ У ЗАКАРПАТСЬКІЙ ОБЛАСТІ;ГУ ДКСУ У ЗАКАРПАТСЬКІЙ ОБЛАСТІ
813015;37941997;ГОЛОВНЕ УПРАВЛІННЯ ДЕРЖАВНОЇ КАЗНАЧЕЙСЬКОЇ СЛУЖБИ УКРАЇНИ У ЗАПОРІЗЬКІЙ ОБЛАСТІ;ГУ ДКСУ У ЗАПОРІЗЬКІЙ ОБЛАСТІ
815013;37971775;ГОЛОВНЕ УПРАВЛІННЯ ДЕРЖАВНОЇ КАЗНАЧЕЙСЬКОЇ СЛУЖБИ УКРАЇНИ У ХМЕЛЬНИЦЬКІЙ ОБЛАСТІ;ГУ ДКСУ У ХМЕЛЬНИЦЬКІЙ ОБЛАСТІ
820019;37993783;ГОЛОВНЕ УПРАВЛІННЯ ДЕРЖАВНОЇ КАЗНАЧЕЙСЬКОЇ СЛУЖБИ УКРАЇНИ У М. КИЇВІ;ГУ ДКСУ У М.КИЇВІ
821018;37955989;ГОЛОВНЕ УПРАВЛІННЯ ДЕРЖАВНОЇ КАЗНАЧЕЙСЬКОЇ СЛУЖБИ УКРАЇНИ У КИЇВСЬКІЙ ОБЛАСТІ;ГУ ДКСУ У КИЇВСЬКІЙ ОБЛАСТІ
823016;37918230;ГОЛОВНЕ УПРАВЛІННЯ ДЕРЖАВНОЇ КАЗНАЧЕЙСЬКОЇ СЛУЖБИ УКРАЇНИ У КІРОВОГРАДСЬКІЙ ОБЛАСТІ;ГУ ДКСУ У КІРОВОГРАДСЬКІЙ ОБЛАСТІ
824026;37978503;ГОЛОВНЕ УПРАВЛІННЯ ДЕРЖАВНОЇ КАЗНАЧЕЙСЬКОЇ СЛУЖБИ УКРАЇНИ В АВТОНОМНІЙ РЕСПУБЛІЦІ КРИМ;ГУ ДКСУ В АРК, М.СІМФЕРОПОЛЬ
824509;38022717;ГОЛОВНЕ УПРАВЛІННЯ ДЕРЖАВНОЇ КАЗНАЧЕЙСЬКОЇ СЛУЖБИ УКРАЇНИ У М. СЕВАСТОПОЛІ;ГУ ДКСУ У М.СЕВАСТОПОЛІ
825014;38008294;ГОЛОВНЕ УПРАВЛІННЯ ДЕРЖАВНОЇ КАЗНАЧЕЙСЬКОЇ СЛУЖБИ УКРАЇНИ У ЛЬВІВСЬКІЙ ОБЛАСТІ;ГУ ДКСУ У ЛЬВІВСЬКІЙ ОБЛАСТІ
826013;37992030;ГОЛОВНЕ УПРАВЛІННЯ ДЕРЖАВНОЇ КАЗНАЧЕЙСЬКОЇ СЛУЖБИ УКРАЇНИ У МИКОЛАЇВСЬКІЙ ОБЛАСТІ;ГУ ДКСУ У МИКОЛАЇВСЬКІЙ ОБЛАСТІ
828011;37607526;ГОЛОВНЕ УПРАВЛІННЯ ДЕРЖАВНОЇ КАЗНАЧЕЙСЬКОЇ СЛУЖБИ УКРАЇНИ В ОДЕСЬКІЙ ОБЛАСТІ;ГУ ДКСУ В ОДЕСЬКІЙ ОБЛАСТІ
831019;37959255;ГОЛОВНЕ УПРАВЛІННЯ ДЕРЖАВНОЇ КАЗНАЧЕЙСЬКОЇ СЛУЖБИ УКРАЇНИ В ПОЛТАВСЬКІЙ ОБЛАСТІ;ГУ ДКСУ У ПОЛТАВСЬКІЙ ОБЛАСТІ
833017;38012494;ГОЛОВНЕ УПРАВЛІННЯ ДЕРЖАВНОЇ КАЗНАЧЕЙСЬКОЇ СЛУЖБИ УКРАЇНИ В РІВНЕНСЬКІЙ ОБЛАСТІ;ГУ ДКСУ У РІВНЕНСЬКІЙ ОБЛАСТІ
834016;37967785;ГОЛОВНЕ УПРАВЛІННЯ ДЕРЖАВНОЇ КАЗНАЧЕЙСЬКОЇ СЛУЖБИ УКРАЇНИ У ДОНЕЦЬКІЙ ОБЛАСТІ;ГУ ДКСУ У ДОНЕЦЬКІЙ ОБЛАСТІ
836014;37951998;ГОЛОВНЕ УПРАВЛІННЯ ДЕРЖАВНОЇ КАЗНАЧЕЙСЬКОЇ СЛУЖБИ УКРАЇНИ В ІВАНО-ФРАНКІВСЬКІЙ ОБЛАСТІ;ГУ ДКСУ В ІВАНО-ФРАНКІВСЬКІЇ ОБЛАСТІ
837013;37970404;ГОЛОВНЕ УПРАВЛІННЯ ДЕРЖАВНОЇ КАЗНАЧЕЙСЬКОЇ СЛУЖБИ УКРАЇНИ У СУМСЬКІЙ ОБЛАСТІ;ГУ ДКСУ У СУМСЬКІЙ ОБЛАСТІ
838012;37977599;ГОЛОВНЕ УПРАВЛІННЯ ДЕРЖАВНОЇ КАЗНАЧЕЙСЬКОЇ СЛУЖБИ УКРАЇНИ У ТЕРНОПІЛЬСЬКІЙ ОБЛАСТІ;ГУ ДКСУ У ТЕРНОПІЛЬСЬКІЙ ОБЛАСТІ
851011;37874947;ГОЛОВНЕ УПРАВЛІННЯ ДЕРЖАВНОЇ КАЗНАЧЕЙСЬКОЇ СЛУЖБИ УКРАЇНИ У ХАРКІВСЬКІЙ ОБЛАСТІ;ГУ ДКСУ У ХАРКІВСЬКІЙ ОБЛАСТІ
852010;37959517;ГОЛОВНЕ УПРАВЛІННЯ ДЕРЖАВНОЇ КАЗНАЧЕЙСЬКОЇ СЛУЖБИ УКРАЇНИ У ХЕРСОНСЬКІЙ ОБЛАСТІ;ГУ ДКСУ У ХЕРСОНСЬКІЙ ОБЛАСТІ
853592;37972475;ГОЛОВНЕ УПРАВЛІННЯ ДЕРЖАВНОЇ КАЗНАЧЕЙСЬКОЇ СЛУЖБИ УКРАЇНИ У ЧЕРНІГІВСЬКІЙ ОБЛАСТІ;ГУ ДКСУ У ЧЕРНІГІВСЬКІЙ ОБЛАСТІ
854018;37930566;ГОЛОВНЕ УПРАВЛІННЯ ДЕРЖАВНОЇ КАЗНАЧЕЙСЬКОЇ СЛУЖБИ УКРАЇНИ У ЧЕРКАСЬКІЙ ОБЛАСТІ;ГУ ДКСУ У ЧЕРКАСЬКІЙ ОБЛАСТІ
856135;37836095;ГОЛОВНЕ УПРАВЛІННЯ ДЕРЖАВНОЇ КАЗНАЧЕЙСЬКОЇ СЛУЖБИ УКРАЇНИ У ЧЕРНІВЕЦЬКІЙ ОБЛАСТІ;ГУ ДКСУ У ЧЕРНІВЕЦЬКІЙ ОБЛАСТІ
322669;09322277;Філія - Головне управління по м. Київу та Київській області публічного акціонерного товариства "Державний ощадний банк України";Філія - Головне управління по м. Київу та Київській області АТ "Ощадбанк"
322904;23494105;Київська регіональна дирекція Публічного акціонерного товариства "Райффайзен Банк Аваль";Київська регіональна дирекція АТ "Райффайзен Банк Аваль"
303440;13369965;ФІЛІЯ "ВОЛИНСЬКЕ ГОЛОВНЕ РЕГІОНАЛЬНЕ УПРАВЛІННЯ" ПУБЛІЧНОГО АКЦІОНЕРНОГО ТОВАРИСТВА КОМЕРЦІЙНОГО БАНКУ "ПРИВАТБАНК";ВОЛИНСЬКЕ ГРУ  ПАТ КБ "ПРИВАТБАНК"
328704;14360570;ФІЛІЯ "ЮЖНЕ ГОЛОВНЕ РЕГІОНАЛЬНЕ УПРАВЛІННЯ" ПУБЛІЧНОГО АКЦІОНЕРНОГО ТОВАРИСТВА КОМЕРЦІЙНОГО БАНКУ "ПРИВАТБАНК";ЮЖНЕ ГРУ ПАТ КБ "ПРИВАТБАНК"
351533;14360570;ФІЛІЯ "ХАРКІВСЬКЕ ГОЛОВНЕ РЕГІОНАЛЬНЕ УПРАВЛІННЯ" ПУБЛІЧНОГО АКЦІОНЕРНОГО ТОВАРИСТВА КОМЕРЦІЙНОГО БАНКУ "ПРИВАТБАНК";ХАРКІВСЬКЕ ГРУ ПАТ КБ "ПРИВАТБАНК"
384436;14360570;ФІЛІЯ "КРИМСЬКЕ РЕГІОНАЛЬНЕ УПРАВЛІННЯ" ПУБЛІЧНОГО АКЦІОНЕРНОГО ТОВАРИСТВА КОМЕРЦІЙНОГО БАНКУ "ПРИВАТБАНК";КРИМСЬКЕ РУ ПАТ КБ "ПРИВАТБАНК"
805012;37988155;ГОЛОВНЕ УПРАВЛІННЯ ДЕРЖАВНОЇ КАЗНАЧЕЙСЬКОЇ СЛУЖБИ УКРАЇНИ У ДНІПРОПЕТРОВСЬКІЙ ОБЛАСТІ;ГУ ДКСУ У ДНІПРОПЕТРОВСЬКІЙ ОБЛАСТІ
377777;26444836;ПУБЛІЧНЕ АКЦІОНЕРНЕ ТОВАРИСТВО "КОМЕРЦІЙНИЙ БАНК "УКРАЇНСЬКИЙ ФІНАНСОВИЙ СВІТ";ПАТ "КБ "УФС"
380980;26475516;ПУБЛІЧНЕ АКЦІОНЕРНЕ ТОВАРИСТВО "КОМЕРЦІЙНИЙ БАНК "ДАНІЕЛЬ";ПАТ "КОМЕРЦІЙНИЙ БАНК "ДАНІЕЛЬ"
380117;26500131;Київська філія ПУБЛІЧНОГО АКЦІОНЕРНОГО ТОВАРИСТВА "МЕГАБАНК";Київська філія ПАТ "МЕГАБАНК"
380106;26519933;Публічне акціонерне товариство "Акціонерний комерційний банк "Траст-капітал";ПАТ "АКБ "Траст-капітал"
380883;26520688;Публічне акціонерне товариство "Український банк реконструкції та розвитку";АТ (публ.) "Український банк реконструкції та розвитку"
380377;26547581;ПУБЛІЧНЕ АКЦІОНЕРНЕ ТОВАРИСТВО "УКРАЇНСЬКИЙ БУДІВЕЛЬНО - ІНВЕСТИЦІЙНИЙ БАНК";АТ "УКРБУДІНВЕСТБАНК"
380399;26549700;ПУБЛІЧНЕ АКЦІОНЕРНЕ ТОВАРИСТВО "БАНК КАМБІО";ПАТ "БАНК КАМБІО"
380388;33308489;Публічне акціонерне товариство "Платинум Банк";ПАТ "ПтБ"
380054;33299878;Публічне акціонерне товариство "Комерційний банк "ФІНАНСОВА ІНІЦІАТИВА";ПАТ "КБ "ФІНАНСОВА ІНІЦІАТИВА"
380355;33305163;ПУБЛІЧНЕ АКЦІОНЕРНЕ ТОВАРИСТВО КОМЕРЦІЙНИЙ БАНК "ЇВРОБАНК";ПАТ КБ "ЇВРОБАНК"
380281;33695095;ПУБЛІЧНЕ АКЦІОНЕРНЕ ТОВАРИСТВО "БАНК ІНВЕСТИЦІЙ ТА ЗАОЩАДЖЕНЬ";ПАТ "БАНК ІНВЕСТИЦІЙ ТА ЗАОЩАДЖЕНЬ"
380775;14360570;ФІЛІЯ "КИЇВСІТІ" ПУБЛІЧНОГО АКЦІОНЕРНОГО ТОВАРИСТВА КОМЕРЦІЙНОГО БАНКУ "ПРИВАТБАНК";ФІЛІЯ "КИЇВСІТІ" ПАТ КБ"ПРИВАТБАНК"
380913;33881201;ПУБЛІЧНЕ АКЦІОНЕРНЕ ТОВАРИСТВО "БМ БАНК";АТ "БМ БАНК"
307305;33972230;ПУБЛІЧНЕ АКЦІОНЕРНЕ ТОВАРИСТВО "КОМЕРЦІЙНИЙ БАНК "АКСІОМА";ПАТ "КБ "АКСІОМА"
380236;34047020;Публічне акціонерне товариство "Дельта Банк";АТ "Дельта Банк"
380418;34186061;ПУБЛІЧНЕ АКЦІОНЕРНЕ ТОВАРИСТВО "БАНК ФОРВАРД";ПАТ "БАНК ФОРВАРД"
339339;34353904;ПУБЛІЧНЕ АКЦІОНЕРНЕ ТОВАРИСТВО "МІСЬКИЙ КОМЕРЦІЙНИЙ БАНК";ПАТ "МІСЬКИЙ КОМЕРЦІЙНИЙ БАНК"
380269;14360570;СТОЛИЧНА ФІЛІЯ ПУБЛІЧНОГО АКЦІОНЕРНОГО ТОВАРИСТВА КОМЕРЦІЙНОГО БАНКУ "ПРИВАТБАНК";СТОЛИЧНА ФІЛІЯ ПАТ КБ "ПРИВАТБАНК"
307350;34514392;ПУБЛІЧНЕ АКЦІОНЕРНЕ ТОВАРИСТВО "АКЦІОНЕРНИЙ КОМЕРЦІЙНИЙ БАНК "КОНКОРД";ПАТ "АКБ "КОНКОРД"
380322;34540113;ПУБЛІЧНЕ АКЦІОНЕРНЕ ТОВАРИСТВО "БАНК БОГУСЛАВ";АТ "БАНК БОГУСЛАВ"
380366;34576883;ПУБЛІЧНЕ АКЦІОНЕРНЕ ТОВАРИСТВО "КРЕДИТ ЇВРОПА БАНК";ПАТ "КРЕДИТ ЇВРОПА БАНК"
380430;34693790;ПУБЛІЧНЕ АКЦІОНЕРНЕ ТОВАРИСТВО "ЇВРОПЕЙСЬКИЙ ГАЗОВИЙ БАНК";АТ "ЇВРОГАЗБАНК"
380441;34575675;Публічне акціонерне товариство "ВЕСТ ФАЙНЕНС ЕНД КРЕДИТ БАНК";ПАТ "КРЕДИТВЕСТ БАНК"
380667;34817907;Публічне акціонерне товариство "ЕРДЕ БАНК";АТ "ЕРДЕ БАНК"
399120;;Аудиторська фірма "ПрайсвотерхаусКуперс";Аудиторська фірма "ПрайсвотерхаусКуперс"
397003;35289950;Філія публічного акціонерного товариства "Державний експортно-імпортний банк України" в м.Сумах;Філія АТ "Укрексімбанк" у м.Сумах"
339555;35264721;ПУБЛІЧНЕ АКЦІОНЕРНЕ ТОВАРИСТВО "КОМЕРЦІЙНИЙ БАНК "ПРЕМІУМ";ПАТ "КБ "ПРЕМІУМ"
380474;35371070;ПУБЛІЧНЕ АКЦІОНЕРНЕ ТОВАРИСТВО БАНК "ТРАСТ";ПАТ БАНК "ТРАСТ"
313009;35345213;публічне акціонерне товариство "МОТОР-БАНК";ПАТ "МОТОР-БАНК"
380515;35574578;ПУБЛІЧНЕ АКЦІОНЕРНЕ ТОВАРИСТВО "КОМЕРЦІЙНИЙ БАНК "СОЮЗ";АТ "КБ "СОЮЗ"
380526;35591059;ПУБЛІЧНЕ АКЦІОНЕРНЕ ТОВАРИСТВО "КОМЕРЦІЙНИЙ БАНК "ГЛОБУС";ПАТ "КБ "ГЛОБУС"
380548;35590956;ПУБЛІЧНЕ АКЦІОНЕРНЕ ТОВАРИСТВО "АГРОПРОСПЕРІС БАНК";ПАТ "АП БАНК"
380582;35810511;ПУБЛІЧНЕ АКЦІОНЕРНЕ ТОВАРИСТВО "МІЖНАРОДНИЙ ІНВЕСТИЦІЙНИЙ БАНК";ПАТ "МІБ"
307394;35863708;ПУБЛІЧНЕ АКЦІОНЕРНЕ ТОВАРИСТВО "АКТАБАНК";ПАТ "АКТАБАНК"
380612;35894495;ПУБЛІЧНЕ АКЦІОНЕРНЕ ТОВАРИСТВО "ЗЛАТОБАНК";АТ "ЗЛАТОБАНК"
380634;35960913;ПУБЛІЧНЕ АКЦІОНЕРНЕ ТОВАРИСТВО "КОМЕРЦІЙНИЙ БАНК "АКОРДБАНК";ПуАТ "КБ "АКОРДБАНК"
380645;36002395;ПУБЛІЧНЕ АКЦІОНЕРНЕ ТОВАРИСТВО "БАНК 3/4";ПАТ "БАНК 3/4"
377090;36061927;ПУБЛІЧНЕ АКЦІОНЕРНЕ ТОВАРИСТВО "ЇВРОПЕЙСЬКИЙ ПРОМИСЛОВИЙ БАНК";ПАТ "ЇВРОПРОМБАНК"
380690;36335426;ПУБЛІЧНЕ АКЦІОНЕРНЕ ТОВАРИСТВО "КОМЕРЦІЙНИЙ БАНК "СТАНДАРТ";ПАТ КБ "СТАНДАРТ"
380689;36301800;ПУБЛІЧНЕ АКЦІОНЕРНЕ ТОВАРИСТВО "ВЕРНУМ БАНК";ПАТ "ВЕРНУМ БАНК"
380708;36406512;ПУБЛІЧНЕ АКЦІОНЕРНЕ ТОВАРИСТВО "АВАНТ-БАНК";ПАТ "АВАНТ-БАНК"
380719;36470620;Публічне акціонерне товариство "ВСЕУКРАЇНСЬКИЙ БАНК РОЗВИТКУ";ПАТ "ВБР"
380731;36520434;Публічне акціонерне товариство "Дойче Банк ДБУ";ПАТ "Дойче Банк ДБУ"
319111;36964568;ПУБЛІЧНЕ АКЦІОНЕРНЕ ТОВАРИСТВО "РАДИКАЛ БАНК";ПАТ "РАДИКАЛ БАНК"
344443;35917889;ПУБЛІЧНЕ АКЦІОНЕРНЕ ТОВАРИСТВО "РОЗРАХУНКОВИЙ ЦЕНТР З ОБСЛУГОВУВАННЯ ДОГОВОРІВ НА ФІНАНСОВИХ РИНКАХ";ПАТ "РОЗРАХУНКОВИЙ ЦЕНТР"
380742;37119553;Публічне акціонерне товариство "Комерційний Банк "Центр";ПАТ КБ "Центр"
380786;37176171;ПУБЛІЧНЕ АКЦІОНЕРНЕ ТОВАРИСТВО "СМАРТБАНК";ПУАТ "СМАРТБАНК"
380797;37515069;ПУБЛІЧНЕ АКЦІОНЕРНЕ ТОВАРИСТВО "СЕБ КОРПОРАТИВНИЙ БАНК";ПАТ "СЕБ КОРПОРАТИВНИЙ БАНК"
380816;37716841;ПУБЛІЧНЕ АКЦІОНЕРНЕ ТОВАРИСТВО "БАНК СІЧ";ПАТ "БАНК СІЧ"
380827;37572263;ПУБЛІЧНЕ АКЦІОНЕРНЕ ТОВАРИСТВО "ДІВІ БАНК";ПАТ "ДІВІ БАНК"
307424;37731532;ПУБЛІЧНЕ АКЦІОНЕРНЕ ТОВАРИСТВО "ІНТЕРКРЕДИТБАНК";ПАТ "ІНТЕРКРЕДИТБАНК"
307435;37987811;ПУБЛІЧНЕ АКЦІОНЕРНЕ ТОВАРИСТВО "МЕЛІОР БАНК";ПАТ "МЕЛІОР БАНК"
380861;38061253;ПУБЛІЧНЕ АКЦІОНЕРНЕ ТОВАРИСТВО "БАНК "СОФІЙСЬКИЙ";ПАТ "БАНК "СОФІЙСЬКИЙ"
380894;38377143;АКЦІОНЕРНЕ ТОВАРИСТВО "АЛЬПАРІ БАНК";АТ "АЛЬПАРІ БАНК"
380902;38514375;ПУБЛІЧНЕ АКЦІОНЕРНЕ ТОВАРИСТВО "БАНК "ЮНІСОН";ПАТ "БАНК "ЮНІСОН"
380935;38619024;ПУБЛІЧНЕ АКЦІОНЕРНЕ ТОВАРИСТВО "БАНК МИХАЙЛІВСЬКИЙ";ПАТ "БАНК МИХАЙЛІВСЬКИЙ"
380946;38690683;АКЦІОНЕРНЕ ТОВАРИСТВО "БАНК АВАНГАРД";АТ "БАНК АВАНГАРД"
380957;38781707;ПУБЛІЧНЕ АКЦІОНЕРНЕ ТОВАРИСТВО "ІНВЕСТИЦІЙНО-ТРАСТОВИЙ БАНК";ПАТ "ІНВЕСТИЦІЙНО-ТРАСТОВИЙ БАНК"
380968;38591533;публічне акціонерне товариство "Державний земельний банк";ПАТ "Держзембанк"
339016;38870739;ПУБЛІЧНЕ АКЦІОНЕРНЕ ТОВАРИСТВО "БАНК "ПОРТАЛ";ПАТ "БАНК "ПОРТАЛ"
377120;38770082;ПУБЛІЧНЕ АКЦІОНЕРНЕ ТОВАРИСТВО "КОМЕРЦІЙНИЙ БАНК "ГЕФЕСТ";ПАТ "КОМЕРЦІЙНИЙ БАНК "ГЕФЕСТ"
339038;39037656;ПУБЛІЧНЕ АКЦІОНЕРНЕ ТОВАРИСТВО "ВЕКТОР БАНК";ПАТ "ВЕКТОР БАНК"
899998;37567646;Державна казначейська служба України;Казначейство України
339050;39544699;ПУБЛІЧНЕ АКЦІОНЕРНЕ ТОВАРИСТВО "КРИСТАЛБАНК";ПАТ "КРИСТАЛБАНК"
380010;0;ФІЛІЯ ПУБЛІЧНОГО АКЦІОНЕРНОГО ТОВАРИСТВА "ПЕРШИЙ УКРАЇНСЬКИЙ МІЖНАРОДНИЙ БАНК" В М.КИЇВ;ФІЛІЯ ПАТ "ПУМБ" В М.КИЇВ"
339072;39849797;ПУБЛІЧНЕ АКЦІОНЕРНЕ ТОВАРИСТВО "РВС БАНК";ПАТ "РВС БАНК"
